MESSAGE,LABEL
CLINIQUE 6MNY-06 /EVEN BETTER MAKEUP CN 58 HONEY (PREVIOUSLY 06) 1 OZ,ham
"UKDealsToday:Estée Lauder New Advanced Night Repair, 30ml – £52.20 at John Lewis &amp;",ham
Fenty Beauty Mattemoiselle Trifecta Plush Matte Lipstick is the bomb,ham
***New Deal***\nNYX PROFESSIONAL MAKEUP Soft M...\nReduced from $60.50 to $1.70\#giveaway,spam
"Yes, it works! - Carol B. - L'Oreal Paris Root Rescue Hair Color, 5 Medium Brown ",ham
Did you know that Avon sells 4 lipsticks EVERY SECOND???  How about that??,ham
FENTY BEAUTY SERIES\nDAY 1 - TRUE NEUTRALS\,ham
Health & Beauty:White Tea by Elizabeth Arden 3.3 / 3.4 oz EDT Perfume for Women Tester $22.15,ham
NyxCosmetics Hiii happy #FanFriday! Using NYX Matte Liquid liner- my fave!,ham
…..DONT MISS THIS #FREE FREE FREE clinique products..Just register…,spam
Check out Fenty Beauty Fanny Pack / Bum Bag,ham
Wiki Voucher Code:#Clinique Get three free minis plus free delivery when you spend £40 or more at Clin… ,ham
@ohmybeautybank Moisturizer Nivea\nSun screen L'oreal\nPrimer Maybelline\nloose powder Emina\nMascara Maybelline Hyper,ham
Vicky Nixon:@glow_smokey Lancome Miracle. Also really love the flowerbomb,ham
Fenty Beauty unveils Cheeks Out Freestyle Cream Blush campaign with Rihanna,ham
[NYX Slim Lip Liner Pencil - Nude Truffle - SLP 855] #LipLiners,ham
I\u2019m shade light ivory in Nyx total control drop foundation; does anyone know what shade I\u2019d be in the colour pop ti\u2026,ham
@Muhasaaa: Brown lip liner and NYX butter gloss fortune cookie &gt;&gt;&gt; best nude on all complexions,ham
50% Off + Free 6-pc. Gift + FS on Elizabeth Arden Mother's Day Sitewide Sale + 10% Cash Back,spam
clarins_uk love the products,ham
Fenty Beauty PRO Filt\u2019R Hydrating\u00a0Foundation,ham
You really said FENTY is up there with givenchy and Fendi with your whole chest hm \ud83d\ude2c,ham
@bretmanrock: It was so cute working with @nyxcosmetics this year. My code DABADDEST still werks for 10% OFF all NYX Cosmetics products,ham
Florida woman.@SadAndYellow MAC Studio Fix (the one I wore) is $31. Fenty is $35. The only other brand that I've heard rivaling F…,ham
"RT @MaryKay: \Remember that you really are wonderful.\"" \u2013 Mary Kay Ash #MondayMotivation #MaryKay",ham
…GREAT DEAL...$9.75 Clinique Skincare Set + F\/S\n\n($40.50 Value),spam
RealCodeDiscount:***?????? ??????????U???? / ???????? / ?????????????? ??????????***-The PRICE can CHANGE  ANY TIME-**£12.02**,spam
"Marykay products really are wonderful.\"" \u2013 Mary Kay Ash #MondayMotivation #MaryKay",ham
Being the Goddess of the night- NYX loves all things dark and mysterious. This Friday @cazztek's 'To The Beat',ham
anyway - the only celeb make up brand i support and regularly buy from is fenty beauty. everyone else can go home,ham
@themaiarain Is this the nyx matte but glittery lipstickMary Kay #Cosmetics are new #advertisers with The Net magazines- find them in your copy or on our website at\u2026,ham
"Check out what I just added to my closet on Poshmark: Mary Kay travel bag. Earning #cryptocurrency for selling my stuff on @Listia! Join me using code \""BMNTCV\"" for an extra 100 XNK",spam
DivineBrine: Natural glam &amp; using my very own gloss\u2728 @MorpheBrushes @fentybeauty @ABHcosmetics @LORAC_Cosmetics @Itcosmetics,ham
LUCKY…..@boxycharm:Here's Sneak Peek 3 for our BoxyCharm X Fenty Beauty Premium Box! All Premium members get a FREE @fentybeauty ,spam
Clinique Dramatically Different Moisturizing Cream Very Dry Dry Combination 50ml,ham
FENTY BEAUTY STUNNA LIP PAINT REVIEW,ham
Lot of 3 Clinique 7 Day Scrub Cream Rinse-off Formula 30ml,ham
Get a free $100 Mary Kay Gift Card! It will only take 1 minute of your time,spam
NYX PROFESSIONAL MAKEUP Make Up Setting Spray Matte Finish Bundle with Dewy Finish - Combo\n   \nGet it for $9.98,ham
@GiantessNyx Yay!! We really seem to have similar taste in movies and shows. What are your faves Nyx?,ham
[NYX PROFESSIONAL MAKEUP Pore Filler Primer] #BronzersHighlighters,ham
I love a good NARS but NYX can get it too-beloved,ham
"Working at L'Oreal emptying bottles of lotion at 2 am with her boss who says--\""Is this NOT the MOST fun thing you'v\u2026",ham
Fenty Beauty foundation is 100% worth the money. Like the true dirt ball that I am- I drank too much on S\u2026,ham
L'Oreal Paris Skin Care Clean Artiste Oil Free Eye Makeup Remover (2 Pack) for $11.98,ham
My favorite nyx lipstick is about to end soon and idk where to buy that color it came in pack that was a gift,ham
"@MaryKay: \""Remember that you really are wonderful.\"" \u2013 Mary Kay Ash #MondayMotivation #MaryKay",ham
Enter to win  + makeup goodies #giveaway #makeup #books #NYX #ELFcosmetics,spam
"Check out MAC Cosmetics Promotional Poster \""HIPNOTIQUE\"" 24 x 34.5 - Rare\u00a0 #MAC",ham
I just discovered this on Poshmark: New in Boxes! Mary Kay Makeup Bundle,ham
4 for R140 NYX lippies  DM to place an order #GirlTalkZA #GirlBuyZA #GirlzTalkZA,ham
CLINIQUE 6MNY-06 \/EVEN BETTER MAKEUP CN 58 HONEY (PREVIOUSLY 06) 1 OZ,ham
Superbalanced by Clinique Silk Makeup 1oz\/30ml liquid New not In Box,ham
L'Oreal Paris Color Riche Le Stylo Smoky\n \ud83d\udd39 Offer price -£5.00,ham
vegan_vexation I love Colourpop elf Nyx and Makeup Revolution products- and Anastasia dip brow. I also love anything by Tarte,ham
Clinique Moisture Surge 72 hour auto replenishing hydrator gel-cream 125ml ,ham
Chowder Brand:White Tea by Elizabeth Arden 3.3 / 3.4 oz EDT Perfume for Women New in Box,ham
"Life Technology™:#Beauty #Style #Love LOT! NEW MAKEUP BUNDLE - TOO FACED, ESTEE LAUDER, THE BALM - ALL FULL",ham
"Life Technology™:#Beauty #Style #Love $85 Value Estee Lauder Beautiful Eau de Parfum, Perfume for Women, 2.5",ham
AlexChrisGaming: MAC-10 Disco Tech #CSGOGiveaway To win:- Retweet - Follow us &amp; @betrefscom,ham
expressionsofbeauty:Hello Monday Just a heads up !The last few days to claim  #GIVEAWAY 80% back on your @clarins_uk purchase from Ex…,spam
NYX Epic Ink Liner Eyeliner Waterproof Color EIL01 Black,ham
natashascovey Clinique has a really good skin care line,ham
Crone4life @LOrealParisUSA L'Oreal also owns Lancome,ham
Check out what I just added to my closet on Poshmark: Mary Kay Travel Mirror,ham
eDealinfo.com:Elizabeth Arden Prevage Anti-aging Moisture Cream only $89.98,ham
Wholesale Makeup Mixed Lot 300 Piece Covergirl L'Oreal NYC Revlon Maybelline Etc,ham
@dise38 I like the NYX butter gloss &amp; Laneige glowy lip balm in Berry &amp,ham
 Enter to win a brand new book + lots of makeup goodies in the Feb Beauty &amp; The Book Giveaway,spam
These are some of my Mary Kay products,ham
angieeeeepm Clinique is the best,ham
Here's a great deal\nNYX PROFESSIONAL MAKEUP Studio Perfect Primer Clear 1.0 oz\/30ml\n4.2 stars\nPrice:$5.60,ham
Save up to 25% @chemistdirect on L'Oreal Haircare,ham
Check out this product  Clarins By Clarins Bust Beauty Extra-lift Gel --50ml-1.7oz by Clarins starting at $53.8…,ham
 Maybelline and L’Oreal are the best drugstore brands for makeup.,ham
AdlineHeere I use the Clinique Hydrating Jelly before sunscreen- and it def cut down on the grease factor,ham
ShadQWR6: Couldn't agree more but id also say Tex and MKing as well- maybe some nesk as well- it was cool seeing him just flip a switch\u2026,ham
"Foundation, try L’Oréal for drugstore and MAC for high end",ham
RT @MaryKay: The perfect products to give your skin the hydration it craves.,ham
My 2 Valentine\u2019s Day moods \ud83d\udd2a\u2601\ufe0f\ud83d\udc9e\n\n#valentinesday #mua #morphe #abh #nyx #colourpop #benefitcosmetics,ham
I use both drugstore and high end makeup brands. This look:\n\nAnastasia Norvina palette\nJuvia's The Zulu palette\nNYX\u2026,ham
Watching the Academy Awards a L'Oreal commercial came on and sure enough there was Amber Heard,ham
This is Nyx she picks my contest winners,ham
Clinique Dramatically Different Moisturizing Cream Very Dry Dry Combination 50ml\n@GENGETSUYA1,ham
@NyxCosmetics Hiii happy #FanFriday! Using NYX Matte Liquid liner- my fave,ham
djp1177 Been using Clinique Smart Custom-Repair Eye Treatment for about a month and I really like it. I can definitely tell a difference,ham
@Mayralessandra_ it's from NYX and its called downtown beauty also thank you,ham
foxymnj ok. I found Clinique repairer anti gravity eye cream. It had good reviews and I thought that was the one you told me,ham
MARY KAY True Dimensions Sheer Lipstick Sparkling Rose Great value $11.99 #truelipstick #sparklingmary #marysheer,ham
Mary Kay NOURISHINE \/ NOURISHINE PLUS LIP GLOSS Pink Parfait  New in Box Be Inspired! $7.50 #nourishineplus\u2026,ham
whipped berries MARY KAY \ud83c\udf39 signature Creme Lipstick\ud83d\udc84new with Box FREEshp Get it Fast! $23.95 #whippedberries\u2026,ham
New In Box Mary Kay Signature Creme Lipstick Paradise Pink Full Size ~ Fast Ship Best Ever! $9.95 #fullmary\u2026,ham
Mary Kay MK Signature Just Glossy Set Lip Gloss Trio Travel Size Mini NouriShine Great value $14.00 #minikay\u2026,ham
Finally bought an eyebrow pencil because NYX always fucking sold out. My eyebrows were looking hurt,ham
So good I had to share! Check out all the items I'm loving on @Poshmarkapp #poshmark #fashion #style #shopmycloset\u2026,ham
Impatiently waiting for NYX to restock the Sabrina collection especially the eyeshadow palette since it\u2019s sold out\u2026,ham
Freshen Up Your Eyes with Fenty Beauty's New Snap Shadows Mix &amp; Match #Eyeshadow Palettes! #FENTYBEAUTY #Gifted\u2026,ham
we are anxiously waiting for the collab! i love using mac cosmetics and having my fave makeup artist collab with y\u2019\u2026,ham
UK Free Stuff:Avon: New Euphoric mascara Euphoric plus a gorgeous FREE gift of an eyeliner and eyeshadow ,spam
NYX PROFESSIONAL MAKEUP Make Up Setting Spray Matte Finish Bundle with Dewy Finish - Combo\n\nGet it for $9.98!\u2026,ham
L’Oréal infallible in the glass container or maybelline 24hr super stay,ham
NYX PROFESSIONAL MAKEUP Make Up Setting Spray Matte Finish Bundle with Dewy Finish - Combo\n\nGet it for $9.98,ham
RT @natskashi: we are anxiously waiting for the collab! i love using mac cosmetics and having my fave makeup artist collab with y\u2019all,ham
Silicone Glove Protective Hand Cream - 75ml #avon,ham
The Fenty Beauty mascara is everything,ham
below if Satin Lips is your go-to for lip care! #marykay ,ham
L'Oreal Paris Skin Care Clean Artiste Oil Free Eye Makeup Remover (2 Pack) for $11.98,ham
When it comes to makeup only Fenty Beauty matters,ham
highlight of my life just like that fenty beauty kit,ham
clinique moisturizer is the truthhhhh,ham
XtineMBeauty Hi Christine! There will be no Choice for our upcoming March Premium boxy as it is our BoxyCahrm,ham
RT @MaryKay: The perfect #selfcare package. Send one to someone you love  or just treat yourself! #MaryKay,ham
LET ME SEE NYX IN THESE,ham
I tried my best to use mostly fenty beauty products…,ham
Ladies! We are SLEEPING on e.l.f. make up! A lot of it is just as amazing as the expensive stuff and it\u2019s HALF the cost,ham
 Up To 50% Off Select Beauty Products AND Gift Sets + Free Store Pickup! Choose From #Clinique #Philosophy\u2026,spam
buKahra: Love that Fenty Beauty shoot A119,ham
I’ve just realised ive had my bottle of Clinique foundation since the age of 16 (I’m 21 now) and it’s the only foun… ,ham
"Wash face with Lancôme Cleanser, Use Thayer’s Witch Hazel Toner, Mary Jane CBD serum, First Aid Beauty Moisturizer",ham
 Freshen Up Your Eyes with Fenty Beauty's New Snap Shadows Mix &amp; Match #Eyeshadow Palettes! #FENTYBEAUTY #Gifted #Makeup #Makeu\u2026,ham
 Elizabeth Arden skin care routineWired: Elizabeth Bathory skin care routine,ham
Ive been trying these out for a week now and they\u2019re absolutely amazing \n\n#clinique #cliniquemakeup,ham
RT @findyourdress: Want to be in with a chance of winning an Estee Lauder Beautiful fragrance?! To enter simply...,ham
@BruiseViolet Great question. I really like Clinique Moisture Surge Intense for dry skin- It's an excellent moisturizer,ham
Clinique dramatically different moisturizing gel for oily skin for my face,ham
Clinique mild exfoliating scrub every other day using a clarisonic\nLush brazened honey fresh,ham
Clinique Moisture Surge 72 hour auto replenishing hydrator gel-cream 125ml NEW,ham
A moisturizer for every skin type. \ud83d\udc4f\ud83d\udc9c The nongreasy formula of the #MaryKay Oil-Free Hydrating Gel is suited for no\u2026,ham
ForWorkingMamas: I never dreamed about success. I worked for it. - Estée Lauder #ForWorkingMamas #WorkingMum,ham
I will be on Fenty Beauty\u2019s digital marketing team one day,ham
Here is a great way to pamper your lips plus add a pop of colour- I'm giving away Clarins,ham
Today's luxe skincare giveaway is ideal for anyone with oily or combination skin. It's my clarins' Re-Move Purifying CleanS,ham
Avon True Color Glimmersticks Diamonds Eye Liner-Bold shimmer amps up your gaze for hours. So many colors to choice,ham
Such an amazing affordable product. Only $16.00. Mary Kay Indulge Soothing Eye Gel,ham
I just bought the fenty beauty lip gloss \ud83d\ude2d that was a very impulsive decision BUT IM SO HAPPY,ham
Echaa Hisham Mary Kay:10% discount for all set skincare MaryKay,ham
DivineBrine: Natural glam &amp; using my very own gloss\#NYX,ham
Elizabeth Arden Green Tea Honey Drops Crema Corporal 500 ml,ham
"Red Door Perfume by Elizabeth Arden, Red Door is a floral oriental fragrance for woMen ",ham
"Retail Beauty Sales - Estee Lauder - Full Time - Cheyenne, WY: Clinique - Cheyenne, WY - Retail Beauty Sales",ham
So good I had to share! Check out all the items I'm loving on @Poshmarkapp #poshmark #fashion #style #shopmycloset,ham
If you\u2019re in the market for eyeliner that can handle life being too much - NYX waterproof is the BOMB,ham
the fenty beauty one made my lashes look long asff even after my extensions ripped them all out,ham
Daily Makeup Routine Includes Three Fenty Beauty Products #beautyrecap ,ham
Why Estee Lauder Double Wear Foundation is worth the price tag,ham
Lush kalamazoo cleanser&amp;lush tee tree toner water&amp;lush enzymion moisturiser in the morning\nClinique,ham
Clinique mild exfoliating scrub every other day using a clarisonic\nLush brazened honey fresh ,ham
Channeling my inner Mrs Doubtfire  love this mask by Estée Lauder skin felt fresh and moisturised after it ,ham
fenty beauty powder smells amazing ,ham
A moisturizer for every skin type. The nongreasy formula of the #MaryKay Oil-Free Hydrating Gel is suited for ,ham
